test	estimate_diff_cvd_minus_ctl	p_value
Welch_t	1.5056357312760678	0.027501020529627617
Permutation	1.5056357312760678	0.0316
