group	n	mean_delta	sd_delta	median_delta
ctl	8	0.4821360474018874	1.424741321616649	0.3369331278871819
cvd	8	1.9877717786779552	0.9235616724997038	2.0745145589084215
