tb_group	n	mean_delta	sd_delta	median_delta
neg	21	13.803828413189763	3.135327719115161	13.799159844218774
pos	30	12.357988198672224	3.935901055559572	13.432445195042211
